Datum;CliÃ«nten;Ziekteverzuim;Inkoop;Flexpool
2021-01-01;264;8.17;13.96;13
2021-01-02;264;8.01;6.11;12
2021-01-03;265;7.98;6.87;8
2021-01-04;265;8.16;94.94;12
2021-01-05;265;8.17;993.7;9
2021-01-06;265;8.32;3.74;12
2021-01-07;265;8.3;3.06;12
2021-01-08;265;8.36;13.82;9
2021-01-09;265;8.36;4.17;10
2021-01-10;266;8.42;7.92;10
2021-01-11;266;8.26;38.46;10
2021-01-12;266;8.27;10.31;13
2021-01-13;266;8.19;5.24;12
2021-01-14;266;8.31;3.28;10
2021-01-15;265;8.25;14.86;10
2021-01-16;266;8.3;10.27;12
2021-01-17;266;8.01;2.56;9
2021-01-18;265;7.95;91.3;9
2021-01-19;265;7.86;1.05;12
2021-01-20;266;7.85;7.87;10
2021-01-21;266;7.79;10.12;11
2021-01-22;266;7.79;12.8;13
2021-01-23;266;7.91;3.76;15
2021-01-24;266;8.01;2.38;11
2021-01-25;266;8.07;101.24;10
2021-01-26;267;8.19;3.16;11
2021-01-27;266;8.1;8.01;9
2021-01-28;267;8.21;5.55;9
2021-01-29;268;8.19;12.89;13
2021-01-30;267;8.06;0.45;12
2021-01-31;268;8.08;15.23;12
2021-02-01;268;8.21;71.01;11
2021-02-02;267;8.26;0.55;10
2021-02-03;267;8.38;9.64;8
2021-02-04;267;8.39;4.28;11
2021-02-05;267;8.49;13.76;13
2021-02-06;268;8.59;12.84;12
2021-02-07;267;8.57;2.24;13
2021-02-08;268;8.45;17.67;12
2021-02-09;268;8.31;1.76;13
2021-02-10;268;8.27;41.08;11
2021-02-11;268;8.11;4.53;13
2021-02-12;268;8.12;11.71;12
2021-02-13;267;7.96;13.77;12
2021-02-14;267;8.05;3.13;11
2021-02-15;266;8.19;30.23;13
2021-02-16;266;8.32;4.68;9
2021-02-17;265;8.25;7.5;11
2021-02-18;265;8.37;12.04;9
2021-02-19;265;8.26;12.53;10
2021-02-20;266;8.51;5.84;14
2021-02-21;266;8.58;10.8;13
2021-02-22;266;8.6;86.74;11
2021-02-23;266;8.58;6.48;12
2021-02-24;266;8.67;9.54;13
2021-02-25;265;8.62;11.78;9
2021-02-26;266;8.85;15.01;10
2021-02-27;265;8.65;2.74;11
2021-02-28;266;8.66;6.22;13
2021-03-01;266;8.7;88.74;11
2021-03-02;266;8.85;2.7;12
2021-03-03;266;8.9;11.5;13
2021-03-04;266;8.96;10.34;12
2021-03-05;266;8.77;8.98;11
2021-03-06;266;8.9;15.22;12
2021-03-07;266;8.98;12.88;11
2021-03-08;267;8.83;74.43;12
2021-03-09;267;8.64;7.8;12
2021-03-10;267;8.67;107.26;13
2021-03-11;268;8.64;12.31;11
2021-03-12;268;8.77;364.98;13
2021-03-13;269;8.63;2.67;12
2021-03-14;269;8.44;11.7;18
2021-03-15;267;8.57;74.42;13
2021-03-16;268;8.63;174.1;12
2021-03-17;268;8.53;14.04;13
2021-03-18;268;8.72;13.42;12
2021-03-19;268;8.78;7.84;15
2021-03-20;266;8.96;15.09;13
2021-03-21;266;8.93;0.4;9
2021-03-22;267;8.81;3.58;10
2021-03-23;267;8.92;7.11;12
2021-03-24;267;8.8;11.05;12
2021-03-25;266;8.69;5.28;13
2021-03-26;267;8.52;4.45;11
2021-03-27;268;8.45;12.86;13
2021-03-28;268;8.63;1.61;13
2021-03-29;268;8.71;93.4;11
2021-03-30;268;8.57;5.65;13
2021-03-31;266;8.57;13.22;13
2021-04-01;267;8.43;11.42;9
2021-04-02;267;8.31;10.39;15
2021-04-03;267;8.26;10.07;13
2021-04-04;268;8.23;2.48;12
2021-04-05;269;8.13;24.12;13
2021-04-06;270;8.16;9.95;10
2021-04-07;271;8.21;5.58;11
2021-04-08;271;8.26;8.85;15
2021-04-09;271;8.26;11.78;11
2021-04-10;270;8.2;14.8;9
2021-04-11;268;8.09;5.61;14
2021-04-12;268;8.1;97.24;13
2021-04-13;269;8.11;8.05;12
2021-04-14;270;8.16;176.5;9
2021-04-15;270;8.14;9.49;10
2021-04-16;270;8.11;11.99;12
2021-04-17;270;8.26;2.45;11
2021-04-18;270;8.13;8.56;13
2021-04-19;271;7.97;49.57;12
2021-04-20;270;7.89;10.68;10
2021-04-21;269;7.7;2.42;10
2021-04-22;269;7.55;4.53;10
2021-04-23;269;7.66;9.02;11
2021-04-24;269;7.55;14.32;10
2021-04-25;269;7.64;4.75;9
2021-04-26;269;7.69;86.94;9
2021-04-27;270;7.78;6.75;9
2021-04-28;269;8;423.59;11
2021-04-29;270;8.2;236.55;12
2021-04-30;270;8.15;13.26;7
2021-05-01;271;8.15;473.04;11
2021-05-02;271;8.18;14.15;12
2021-05-03;270;8.19;62.27;11
2021-05-04;269;8.2;14.96;13
2021-05-05;270;8.13;13.4;8
2021-05-06;269;8.16;12.04;9
2021-05-07;268;8.22;110.39;12
2021-05-08;268;8.24;11.41;12
2021-05-09;268;8.23;6.59;12
2021-05-10;269;8.32;69.79;13
2021-05-11;270;8.19;110.95;12
2021-05-12;270;8.06;1.24;10
2021-05-13;270;7.96;0.14;10
2021-05-14;271;7.97;6.01;11
2021-05-15;270;8;11.67;10
2021-05-16;270;8.03;7.84;11
2021-05-17;270;8.06;73.49;13
2021-05-18;271;7.98;12.54;9
2021-05-19;271;7.99;14.46;13
2021-05-20;271;7.89;4.95;9
2021-05-21;270;7.7;7.89;11
2021-05-22;271;7.6;5.56;12
2021-05-23;271;7.59;3.03;9
2021-05-24;270;7.33;71.29;10
2021-05-25;270;7.29;10;8
2021-05-26;269;7.29;14.73;13
2021-05-27;269;7.44;3.46;11
2021-05-28;270;7.49;2.27;10
2021-05-29;270;7.59;13.47;14
2021-05-30;270;7.47;14.86;11
2021-05-31;271;7.6;0.95;17
2021-06-01;270;7.8;6.29;11
2021-06-02;271;7.7;12.09;11
2021-06-03;272;7.45;6;8
2021-06-04;271;7.53;9.67;11
2021-06-05;270;7.44;8.08;11
2021-06-06;271;7.41;14.14;11
2021-06-07;270;7.41;64.77;12
2021-06-08;271;7.25;14.21;11
2021-06-09;271;7.35;12.98;11
2021-06-10;270;7.36;6.51;12
2021-06-11;270;7.43;4.99;10
2021-06-12;271;7.44;12.36;13
2021-06-13;271;7.37;13.38;10
2021-06-14;271;7.45;20.52;12
2021-06-15;271;7.43;11.68;10
2021-06-16;271;7.34;0.83;12
2021-06-17;270;7.45;8.27;8
2021-06-18;270;7.23;5.21;11
2021-06-19;269;7.2;5.1;12
2021-06-20;269;7.32;8.94;10
2021-06-21;269;7.19;98.15;9
2021-06-22;270;7.37;0.17;10
2021-06-23;271;7.39;13.81;9
2021-06-24;271;7.38;5.64;9
2021-06-25;271;7.56;11.84;11
2021-06-26;272;7.66;10.38;10
2021-06-27;273;7.54;1.67;10
2021-06-28;273;7.73;57.68;9
2021-06-29;273;7.72;5.92;12
2021-06-30;273;7.72;0.26;12
2021-07-01;273;7.92;12.88;8
2021-07-02;273;7.85;10.63;8
2021-07-03;273;7.8;7.18;9
2021-07-04;272;8;5.06;12
2021-07-05;273;7.94;69.74;9
2021-07-06;272;7.85;13.88;10
2021-07-07;273;7.97;3.97;12
2021-07-08;273;7.88;11.83;8
2021-07-09;273;8.04;2.69;12
2021-07-10;274;7.97;10.08;12
2021-07-11;274;8.04;5.46;12
2021-07-12;273;7.9;87.68;11
2021-07-13;273;7.88;2.48;11
2021-07-14;272;7.76;15.13;13
2021-07-15;274;7.79;2.89;8
2021-07-16;273;7.67;14.3;13
2021-07-17;273;7.62;2.91;12
2021-07-18;274;7.37;2.7;12
2021-07-19;274;7.43;397.57;10
2021-07-20;274;7.3;9.56;12
2021-07-21;275;7.48;9.85;14
2021-07-22;274;7.34;6.96;7
2021-07-23;274;7.28;3.28;9
2021-07-24;273;7.45;7.99;10
2021-07-25;272;7.59;6.64;10
2021-07-26;273;7.49;75.21;8
2021-07-27;274;7.49;3.64;13
2021-07-28;274;7.34;13.19;9
2021-07-29;274;7.26;9.19;9
2021-07-30;274;7.35;12.93;10
2021-07-31;274;7.09;120.81;11
2021-08-01;275;7.08;2.97;11
2021-08-02;273;7.08;71.26;13
2021-08-03;273;7.29;8.1;10
2021-08-04;274;7.22;6.29;8
2021-08-05;274;7.32;10.78;8
2021-08-06;274;7.13;12.6;9
2021-08-07;274;7.3;3.79;10
2021-08-08;273;7.27;11.35;11
2021-08-09;274;7.3;3.64;9
2021-08-10;274;7.2;14.89;11
2021-08-11;274;7.13;13.02;12
2021-08-12;274;6.94;8.58;12
2021-08-13;273;7.04;8.94;11
2021-08-14;274;6.91;1.35;12
2021-08-15;274;6.83;8.1;10
2021-08-16;275;6.88;85.96;12
2021-08-17;275;6.93;1.63;10
2021-08-18;274;6.91;10.95;9
2021-08-19;275;7.12;12.19;7
2021-08-20;275;6.95;13.27;10
2021-08-21;275;7.01;12.61;7
2021-08-22;275;7.16;4.16;8
2021-08-23;273;7.21;39.86;11
2021-08-24;273;7.22;0.42;11
2021-08-25;274;7.28;11.8;11
2021-08-26;274;7.31;8.84;11
2021-08-27;275;7.55;9.66;11
2021-08-28;275;7.68;7.36;10
2021-08-29;275;7.6;479.03;11
2021-08-30;276;7.47;11.94;10
2021-08-31;277;7.36;6.14;10
2021-09-01;276;7.39;4.11;10
2021-09-02;275;7.3;8.47;8
2021-09-03;274;7.13;13.49;12
2021-09-04;274;7.13;2.77;10
2021-09-05;274;7.05;8.65;11
2021-09-06;274;7.11;95.73;11
2021-09-07;273;7.19;12.29;10
2021-09-08;273;7.25;3.71;11
2021-09-09;274;7.42;10.58;9
2021-09-10;274;7.58;9.67;11
2021-09-11;273;7.38;13.8;10
2021-09-12;274;7.42;3.2;11
2021-09-13;273;7.38;885.66;11
2021-09-14;274;7.49;14.76;13
2021-09-15;274;7.47;14.17;12
2021-09-16;274;7.46;4.44;10
2021-09-17;273;7.51;4.96;11
2021-09-18;274;7.64;8.26;7
2021-09-19;274;7.63;15.2;9
2021-09-20;275;7.65;95.84;11
2021-09-21;273;7.49;5.33;13
2021-09-22;273;7.52;4.35;8
2021-09-23;273;7.54;0.51;12
2021-09-24;275;7.45;1.81;9
2021-09-25;275;7.51;2.48;11
2021-09-26;275;7.61;13.54;13
2021-09-27;275;7.82;56.43;12
2021-09-28;275;7.96;4.98;10
2021-09-29;276;7.9;443.23;13
2021-09-30;276;7.75;10.01;13
2021-10-01;275;7.7;1.58;11
2021-10-02;275;7.7;5.48;10
2021-10-03;274;7.69;5.81;17
2021-10-04;275;7.52;75.13;9
2021-10-05;275;7.44;405.96;11
2021-10-06;276;7.72;9.54;17
2021-10-07;276;7.76;0.19;9
2021-10-08;277;7.9;3.62;11
2021-10-09;277;7.92;7.09;11
2021-10-10;278;7.94;1.37;13
2021-10-11;278;8.1;14.84;9
2021-10-12;278;8.07;5.1;10
2021-10-13;278;7.97;1.28;13
2021-10-14;278;8.05;2.86;12
2021-10-15;278;8.13;4.6;13
2021-10-16;277;8.04;12.08;9
2021-10-17;278;8.08;7.81;11
2021-10-18;278;7.94;15.02;12
2021-10-19;277;8.09;7.24;13
2021-10-20;277;8.09;13.15;13
2021-10-21;277;8.06;15.16;12
2021-10-22;277;8.02;11.56;12
2021-10-23;276;8.19;2.5;12
2021-10-24;274;8.29;7.89;13
2021-10-25;274;8.52;71.15;10
2021-10-26;274;8.54;0.38;10
2021-10-27;274;8.44;9.76;11
2021-10-28;275;8.43;12.61;11
2021-10-29;275;8.36;6.81;9
2021-10-30;275;8.29;6.34;12
2021-10-31;276;8.31;6.86;10
2021-11-01;276;8.1;60.56;8
2021-11-02;275;7.96;4.83;12
2021-11-03;275;8.14;5.23;13
2021-11-04;274;8.12;5.07;11
2021-11-05;274;8.12;9.79;11
2021-11-06;275;8.16;0.8;11
2021-11-07;276;7.96;0.55;10
2021-11-08;276;7.99;490.12;13
2021-11-09;278;7.93;15.14;11
2021-11-10;278;7.74;6.16;12
2021-11-11;279;7.78;3.09;11
2021-11-12;279;7.8;4.75;14
2021-11-13;278;7.79;0.81;11
2021-11-14;279;7.85;14.94;13
2021-11-15;278;7.87;6.09;16
2021-11-16;277;8.04;12.37;12
2021-11-17;277;8.12;3.02;9
2021-11-18;277;8.3;14.83;13
2021-11-19;277;8.31;12.11;9
2021-11-20;277;8.21;13.03;9
2021-11-21;276;8.3;9.51;8
2021-11-22;277;8.34;40.33;15
2021-11-23;277;8.26;180.24;10
2021-11-24;276;8.38;12.2;11
2021-11-25;277;8.38;6.16;12
2021-11-26;277;8.4;12.35;14
2021-11-27;277;8.46;1.88;13
2021-11-28;277;8.54;12.04;13
2021-11-29;277;8.56;431.65;12
2021-11-30;278;8.65;2.5;13
2021-12-01;278;8.57;14.89;9
2021-12-02;278;8.54;6.91;13
2021-12-03;277;8.56;8.07;10
2021-12-04;277;8.52;2.9;11
2021-12-05;278;8.52;254.59;10
2021-12-06;278;8.53;44.27;14
2021-12-07;278;8.57;10.01;14
2021-12-08;279;8.57;2.75;9
2021-12-09;279;8.63;0.38;12
2021-12-10;281;8.71;9.56;12
2021-12-11;279;8.73;7.94;12
2021-12-12;279;8.64;9.97;11
2021-12-13;278;8.71;86.18;12
2021-12-14;279;8.69;11.82;11
2021-12-15;278;8.77;7.76;12
2021-12-16;277;8.66;7.15;14
2021-12-17;276;8.72;8.1;14
2021-12-18;278;8.93;3.21;11
2021-12-19;278;8.86;12.2;14
2021-12-20;277;8.89;2.77;10
2021-12-21;277;8.89;3.89;13
2021-12-22;278;8.78;6.87;16
2021-12-23;277;8.75;1.14;11
2021-12-24;278;8.62;14.33;13
2021-12-25;277;8.59;0.81;14
2021-12-26;278;8.59;0.89;16
2021-12-27;279;8.45;38.17;10
2021-12-28;279;8.58;6.36;11
2021-12-29;280;8.69;10.11;13
2021-12-30;280;8.87;12.26;11
2021-12-31;279;8.98;4.2;15
2022-01-01;279;8.81;463.74;12
2022-01-02;279;8.95;4.64;9
2022-01-03;279;8.98;208.08;12
2022-01-04;279;8.77;5.13;10
2022-01-05;279;8.63;8.64;14
2022-01-06;280;8.41;13.36;12
2022-01-07;279;8.24;10.51;8
2022-01-08;281;8.43;1.82;13
2022-01-09;281;8.31;4.11;12
2022-01-10;281;8.32;40.58;11
2022-01-11;282;8.28;4.12;12
2022-01-12;281;8.5;12.03;10
2022-01-13;282;8.73;14.45;14
2022-01-14;281;8.72;1.9;10
2022-01-15;280;8.66;2.32;12
2022-01-16;281;8.66;14.73;11
2022-01-17;281;8.61;13.17;10
2022-01-18;280;8.81;7.94;10
2022-01-19;280;8.61;4.87;11
2022-01-20;280;8.5;11.18;13
2022-01-21;279;8.56;5.03;11
2022-01-22;279;8.6;785.65;13
2022-01-23;280;8.6;5.14;13
2022-01-24;280;8.62;69.29;15
2022-01-25;280;8.46;7.82;12
2022-01-26;279;8.67;14.43;12
2022-01-27;279;8.62;13.12;12
2022-01-28;280;8.66;0.99;14
2022-01-29;280;8.63;2.48;14
2022-01-30;280;8.59;9.2;11
2022-01-31;280;8.55;68.71;12
2022-02-01;281;8.64;5.04;14
2022-02-02;282;8.66;2.16;15
2022-02-03;283;8.64;275.69;13
2022-02-04;282;8.59;4.45;12
2022-02-05;282;8.64;10.5;11
2022-02-06;281;8.86;9.73;12
2022-02-07;280;9.01;63.36;12
2022-02-08;280;8.9;1.07;10
2022-02-09;279;8.89;3.42;13
2022-02-10;279;8.87;3.47;10
2022-02-11;280;8.96;11.94;9
2022-02-12;279;8.9;513.62;10
2022-02-13;280;8.91;5.54;13
2022-02-14;279;8.88;48.03;8
2022-02-15;279;8.88;126.69;14
2022-02-16;279;8.92;0.01;16
2022-02-17;279;9.03;10.4;13
2022-02-18;279;8.97;8.97;15
2022-02-19;281;9.1;300.69;13
2022-02-20;281;9.08;15.39;10
2022-02-21;282;9.15;89.13;14
2022-02-22;283;9.19;3.01;11
2022-02-23;283;9.13;12.04;15
2022-02-24;283;9.1;8.61;11
2022-02-25;284;9.17;4.01;10
2022-02-26;283;9.16;176.27;9
2022-02-27;283;9.18;7.94;10
2022-02-28;283;9.05;41.01;12
2022-03-01;281;9.3;14.91;13
2022-03-02;282;9.19;6.27;10
2022-03-03;282;9.14;283.5;10
2022-03-04;282;9.1;11.37;10
2022-03-05;282;9.03;1.35;9
2022-03-06;282;8.89;10.31;12
2022-03-07;282;9;66.82;13
2022-03-08;282;8.81;15.04;13
2022-03-09;282;8.96;5.05;10
2022-03-10;281;9;11.06;10
2022-03-11;281;8.99;10.41;10
2022-03-12;280;8.97;8.5;10
2022-03-13;281;9.11;8.3;12
2022-03-14;281;9.07;9.03;11
2022-03-15;282;9.03;13.89;13
2022-03-16;282;9.07;6.27;12
2022-03-17;282;9.06;11.17;11
2022-03-18;282;9.17;12.29;12
2022-03-19;283;9.11;13.45;12
2022-03-20;282;8.99;2.74;14
2022-03-21;282;8.99;4.2;13
2022-03-22;282;8.99;10;11
2022-03-23;282;8.96;12.98;12
2022-03-24;283;9.07;6.98;10
2022-03-25;283;8.92;10.7;11
2022-03-26;285;8.8;10.64;14
2022-03-27;285;8.82;14.86;13
2022-03-28;286;8.76;24.05;11
2022-03-29;285;8.91;12.51;10
2022-03-30;285;8.73;12.07;13
2022-03-31;284;8.7;13.68;12
2022-04-01;283;8.59;159.51;9
2022-04-02;282;8.66;1.79;12
2022-04-03;282;8.51;337.98;17
2022-04-04;281;8.41;60.09;9
2022-04-05;281;8.38;9.92;13
2022-04-06;281;8.37;9.67;12
2022-04-07;282;8.33;7.5;11
2022-04-08;282;8.42;9.72;12
2022-04-09;283;8.38;3.04;9
2022-04-10;283;8.47;1.6;11
2022-04-11;284;8.46;97.78;11
2022-04-12;283;8.36;10.66;12
2022-04-13;283;8.27;9.17;9
2022-04-14;283;8.28;6.99;10
2022-04-15;284;8.13;5.42;13
2022-04-16;283;8.1;14.14;13
2022-04-17;282;8;2.55;8
2022-04-18;281;8.06;42.35;11
2022-04-19;281;7.88;10.28;13
2022-04-20;282;7.96;8.67;10
2022-04-21;282;7.98;5.48;14
2022-04-22;282;8.1;9.14;8
2022-04-23;282;8.09;8.18;11
2022-04-24;283;8.14;3.13;10
2022-04-25;283;8;63.39;11
2022-04-26;285;8.04;10.64;10
2022-04-27;284;8.13;10.99;13
2022-04-28;286;7.95;12.95;10
2022-04-29;285;8.04;7.21;12
2022-04-30;287;8.21;222.45;9
2022-05-01;286;8.07;6.31;12
2022-05-02;287;8.3;76.24;11
2022-05-03;286;8.27;4.61;10
2022-05-04;286;8.08;5.8;12
2022-05-05;285;8.09;5.75;11
2022-05-06;285;8.08;8.36;13
2022-05-07;284;8.02;10.57;12
2022-05-08;285;8.04;11.6;11
2022-05-09;285;8.04;773.21;10
2022-05-10;285;8.06;3.49;13
2022-05-11;286;8.15;8.6;10
2022-05-12;285;8.29;12.38;9
2022-05-13;285;8.09;4.14;12
2022-05-14;285;7.93;13.63;9
2022-05-15;283;7.97;7.25;11
2022-05-16;282;7.88;92.96;9
2022-05-17;283;8;5.87;9
2022-05-18;282;7.94;0.16;12
2022-05-19;281;7.72;7.52;11
2022-05-20;282;7.89;8.09;11
2022-05-21;283;7.97;6.25;13
2022-05-22;284;8.03;5.82;10
2022-05-23;284;8.05;16.09;12
2022-05-24;284;7.94;1.17;13
2022-05-25;285;7.81;2.98;13
2022-05-26;286;8.02;8.22;10
2022-05-27;286;7.84;11.31;9
2022-05-28;285;7.87;9.71;9
2022-05-29;284;7.77;0.12;9
2022-05-30;284;7.6;21.17;8
2022-05-31;284;7.59;11.37;12
2022-06-01;284;7.77;12.59;9
2022-06-02;284;7.62;8.08;12
2022-06-03;284;7.52;13.67;12
2022-06-04;285;7.39;15.32;12
2022-06-05;286;7.47;0.32;9
2022-06-06;286;7.54;36.33;12
2022-06-07;286;7.67;10.86;12
2022-06-08;286;7.48;6.28;11
2022-06-09;285;7.42;1.12;9
2022-06-10;286;7.7;7.59;11
2022-06-11;286;7.74;3.86;12
2022-06-12;285;7.66;8.94;9
2022-06-13;286;7.79;37.98;10
2022-06-14;285;7.7;13.27;14
2022-06-15;285;7.81;10.29;11
2022-06-16;287;7.77;14.85;13
2022-06-17;286;7.56;420.58;9
2022-06-18;286;7.55;10.92;10
2022-06-19;286;7.73;14.18;13
2022-06-20;285;7.54;76.41;11
2022-06-21;286;7.55;12.74;10
2022-06-22;286;7.59;6.66;13
2022-06-23;285;7.6;10.61;10
2022-06-24;286;7.56;2.98;10
2022-06-25;286;7.55;318.69;7
2022-06-26;285;7.37;1.64;11
2022-06-27;285;7.34;23.31;11
2022-06-28;284;7.34;13.58;15
2022-06-29;285;7.44;12.6;11
2022-06-30;286;7.53;7.52;12
2022-07-01;285;7.71;0.55;13
2022-07-02;287;7.69;14.29;12
2022-07-03;286;7.94;15.03;13
2022-07-04;286;8.09;68.64;11
2022-07-05;286;8;11.69;9
2022-07-06;286;7.91;8.97;10
2022-07-07;285;7.93;2.48;9
2022-07-08;286;7.86;15.02;11
2022-07-09;285;7.86;4.6;12
2022-07-10;286;7.62;7.32;11
2022-07-11;287;7.6;89.04;10
2022-07-12;287;7.72;14.47;13
2022-07-13;288;7.62;15.39;11
2022-07-14;288;7.54;10.61;15
2022-07-15;289;7.5;7.66;12
2022-07-16;287;7.5;4.44;13
2022-07-17;287;7.65;11.58;11
2022-07-18;286;7.54;25.59;11
2022-07-19;287;7.59;10.77;10
2022-07-20;286;7.54;12.22;11
2022-07-21;285;7.73;14.83;10
2022-07-22;286;7.86;5.16;13
2022-07-23;287;7.86;4.74;13
2022-07-24;287;7.85;10.44;11
2022-07-25;288;7.93;32.98;10
2022-07-26;286;7.81;0.91;11
2022-07-27;286;7.99;0.44;9
2022-07-28;287;7.85;733.65;11
2022-07-29;286;7.7;0.54;11
2022-07-30;285;7.6;0.44;9
2022-07-31;286;7.35;4.99;13
2022-08-01;285;7.23;66.28;10
2022-08-02;286;7.18;0.46;9
2022-08-03;286;7.06;0.81;10
2022-08-04;286;6.96;0.5;9
2022-08-05;286;7.08;2.07;8
2022-08-06;285;7.22;2.67;10
2022-08-07;285;7.36;2.6;8
2022-08-08;286;7.34;47.77;13
2022-08-09;286;7.42;10.4;11
2022-08-10;287;7.31;5.92;10
2022-08-11;288;7.43;6.37;11
2022-08-12;289;7.25;10.23;12
2022-08-13;290;7.19;4.59;9
2022-08-14;290;7.14;11.63;11
2022-08-15;289;7.32;27.03;11
2022-08-16;289;7.28;11.49;11
2022-08-17;289;7.34;12.13;9
2022-08-18;289;7.16;14.16;10
2022-08-19;288;7.17;14.85;11
2022-08-20;287;7.17;3.15;12
2022-08-21;288;7.13;8.29;11
2022-08-22;289;6.94;73.38;10
2022-08-23;288;7;12.57;9
2022-08-24;288;7.1;0.98;12
2022-08-25;288;7.11;347.21;12
2022-08-26;288;7.3;5.19;11
2022-08-27;289;7.3;8.29;11
2022-08-28;288;7.45;11.14;9
2022-08-29;288;7.55;76.91;10
2022-08-30;289;7.44;15.29;15
2022-08-31;289;7.53;6.83;12
2022-09-01;288;7.66;7.18;13
2022-09-02;288;7.61;0.92;8
2022-09-03;287;7.62;13.17;12
2022-09-04;287;7.61;9.81;9
2022-09-05;287;7.61;22.26;8
2022-09-06;286;7.82;6.97;13
2022-09-07;287;7.8;8.29;17
2022-09-08;286;7.96;8.16;10
2022-09-09;286;8.07;0.9;10
2022-09-10;286;8.08;10.98;12
2022-09-11;287;8.11;4.66;10
2022-09-12;287;8.33;89.98;9
2022-09-13;286;8.16;7.96;9
2022-09-14;287;8.14;12.25;9
2022-09-15;287;8.1;13.81;13
2022-09-16;287;7.92;5.72;12
2022-09-17;289;8;0.25;8
2022-09-18;289;8.06;2.25;12
2022-09-19;289;8.05;57.68;18
2022-09-20;290;8.22;3.43;9
2022-09-21;290;8.38;0.14;12
2022-09-22;291;8.22;11;12
2022-09-23;291;8.29;8.09;10
2022-09-24;289;8.45;14.65;10
2022-09-25;289;8.25;1.44;9
2022-09-26;289;8.12;49.86;9
2022-09-27;289;8.17;9.48;11
2022-09-28;287;7.92;15.06;11
2022-09-29;288;7.96;5.99;9
2022-09-30;288;7.95;7.83;9
2022-10-01;288;7.94;0.53;10
2022-10-02;287;8.2;8.65;11
2022-10-03;289;8.23;51.89;11
2022-10-04;289;8.05;234.76;12
2022-10-05;290;8.2;250.52;9
2022-10-06;289;8.23;9.81;8
2022-10-07;290;8.31;11.11;9
2022-10-08;290;8.14;13.99;12
2022-10-09;290;8.02;7.14;11
2022-10-10;290;8.12;60.38;10
2022-10-11;289;8.27;12.46;9
2022-10-12;288;8.28;13.72;13
2022-10-13;288;8.28;10.16;13
2022-10-14;287;8.4;2.14;14
2022-10-15;288;8.53;10.36;12
2022-10-16;287;8.68;15.02;12
2022-10-17;287;8.57;99.75;10
2022-10-18;287;8.62;4.91;11
2022-10-19;288;8.77;13.59;10
2022-10-20;289;8.95;6.86;10
2022-10-21;290;8.73;10.26;11
2022-10-22;289;8.7;12.88;10
2022-10-23;292;8.56;15.37;10
2022-10-24;291;8.6;88.62;14
2022-10-25;292;8.68;14.57;13
2022-10-26;292;8.51;5.29;13
2022-10-27;292;8.46;3.16;11
2022-10-28;291;8.58;4.1;13
2022-10-29;291;8.54;12.3;13
2022-10-30;290;8.71;1.09;9
2022-10-31;291;8.64;2.55;12
2022-11-01;291;8.45;9.54;12
2022-11-02;290;8.39;10.44;11
2022-11-03;291;8.34;6.45;13
2022-11-04;292;8.24;8.99;11
2022-11-05;292;8.32;10.74;11
2022-11-06;293;8.27;15.26;10
2022-11-07;293;8.42;8.64;12
2022-11-08;292;8.59;1.84;9
2022-11-09;291;8.77;0.2;15
2022-11-10;292;8.77;8.02;11
2022-11-11;291;8.78;7;9
2022-11-12;291;8.75;9.73;9
2022-11-13;290;8.79;5.37;11
2022-11-14;290;8.67;6.72;13
2022-11-15;291;8.43;13.53;9
2022-11-16;290;8.36;9.91;8
2022-11-17;289;8.45;13.61;10
2022-11-18;289;8.46;12.32;12
2022-11-19;289;8.4;4.92;13
2022-11-20;289;8.34;0.76;9
2022-11-21;290;8.54;79.02;12
2022-11-22;289;8.86;4.39;12
2022-11-23;290;8.96;4.39;14
2022-11-24;291;9.06;6.64;12
2022-11-25;292;9.21;124.5;13
2022-11-26;292;9.2;9.17;10
2022-11-27;293;9.24;5.93;12
2022-11-28;293;9.32;42.53;10
2022-11-29;294;9.27;5.2;11
2022-11-30;293;9.17;9.28;11
2022-12-01;293;8.96;8.67;10
2022-12-02;292;8.91;14.48;13
2022-12-03;293;8.97;446.71;12
2022-12-04;292;8.94;8.7;13
2022-12-05;291;8.82;62.26;11
2022-12-06;292;8.83;5.63;19
2022-12-07;291;8.88;6.65;11
2022-12-08;292;9.11;7.27;14
2022-12-09;292;9.16;3.63;10
2022-12-10;291;9.38;4.16;11
2022-12-11;292;9.53;14.45;11
2022-12-12;292;9.45;34.56;10
2022-12-13;291;9.51;6.45;12
2022-12-14;292;9.46;5.39;9
2022-12-15;290;9.38;10.52;11
2022-12-16;290;9.37;5.18;11
2022-12-17;290;9.34;4.21;11
2022-12-18;289;9.27;473.75;11
2022-12-19;291;9.26;25.47;13
2022-12-20;291;9.18;3.23;11
2022-12-21;291;9.34;1.5;9
2022-12-22;292;9.19;14.39;9
2022-12-23;291;9.27;5.31;10
2022-12-24;293;9;1.74;15
2022-12-25;293;8.98;83.29;14
2022-12-26;292;9.15;93.81;12
2022-12-27;292;9;11.97;11
2022-12-28;292;9;12.05;11
2022-12-29;291;9.25;9.3;12
2022-12-30;292;9.29;4.1;12
2022-12-31;291;9.32;7.42;13
2023-01-01;291;9.06;14.87;9
2023-01-02;291;9.02;40.63;10
2023-01-03;292;8.94;1905.04;12
2023-01-04;292;8.83;7.08;11
2023-01-05;293;8.77;9.2;9
2023-01-06;293;8.53;2.85;13
2023-01-07;293;8.54;0.9;8
2023-01-08;291;8.67;7.53;10
2023-01-09;292;8.69;85.2;11
2023-01-10;291;8.85;10.72;12
2023-01-11;291;8.79;6.39;10
2023-01-12;291;8.69;2.84;13
2023-01-13;291;8.81;15.49;12
2023-01-14;291;9.05;7.91;10
2023-01-15;293;9.24;0.98;13
2023-01-16;292;9.06;92.88;11
2023-01-17;292;8.95;4.54;12
2023-01-18;291;8.88;468.32;13
2023-01-19;292;8.91;11.29;14
2023-01-20;292;8.98;1.79;10
2023-01-21;293;8.78;11.81;19
2023-01-22;292;8.5;2.66;9
2023-01-23;292;8.5;89.93;13
2023-01-24;292;8.71;15.5;10
2023-01-25;293;8.87;1.66;14
2023-01-26;292;8.85;6.27;10
2023-01-27;293;8.9;11.19;9
2023-01-28;293;9.06;1.34;13
2023-01-29;294;9.15;11.53;17
2023-01-30;295;9.35;58.8;11
2023-01-31;296;9.25;3.39;12
2023-02-01;297;9.23;6.79;12
2023-02-02;297;9.14;11.28;12
2023-02-03;295;9;14.7;10
2023-02-04;295;8.97;6.65;11
2023-02-05;296;9.15;6.42;12
2023-02-06;296;9.03;42.08;15
2023-02-07;295;8.96;3.87;11
2023-02-08;295;9.09;7.08;11
2023-02-09;296;9.15;0.83;12
2023-02-10;295;9.04;11.98;12
2023-02-11;295;8.92;7.52;9
2023-02-12;295;8.77;8.79;14
2023-02-13;294;8.93;82.57;14
2023-02-14;294;8.99;14.89;12
2023-02-15;294;8.87;11.9;11
2023-02-16;294;8.96;0.46;12
2023-02-17;294;9.24;10.54;14
2023-02-18;294;9.4;12.04;11
2023-02-19;295;9.41;11.2;11
2023-02-20;296;9.2;156.79;9
2023-02-21;295;9.25;3.5;13
2023-02-22;295;9.27;6.26;10
2023-02-23;295;9.33;2.51;12
2023-02-24;295;9.14;6.1;12
2023-02-25;295;9.12;8.46;14
2023-02-26;294;9.18;5.55;16
2023-02-27;293;9.36;27.04;10
2023-02-28;295;9.34;6.56;14
2023-03-01;294;9.4;0.89;10
2023-03-02;295;9.39;5.19;12
2023-03-03;294;9.48;127.58;15
2023-03-04;294;9.35;4.97;10
2023-03-05;295;9.34;2.46;12
2023-03-06;295;9.28;20.42;13
2023-03-07;294;9.34;12.55;15
2023-03-08;296;9.35;13.05;13
2023-03-09;295;9.33;10.07;14
2023-03-10;296;9.34;5.68;11
2023-03-11;296;9.48;15.09;13
2023-03-12;295;9.44;8.82;13
2023-03-13;296;9.42;84.08;13
2023-03-14;297;9.32;10.64;14
2023-03-15;296;9.37;2.76;12
2023-03-16;297;9.36;9.6;12
2023-03-17;296;9.34;7.58;13
2023-03-18;296;9.22;15.02;12
2023-03-19;296;9.33;5.17;14
2023-03-20;295;9.43;11.46;15
2023-03-21;294;9.6;0.57;13
2023-03-22;294;9.47;0;11
2023-03-23;294;9.46;15.14;11
2023-03-24;295;9.57;12;12
2023-03-25;295;9.75;4.12;12
2023-03-26;296;9.56;5.13;10
2023-03-27;296;9.5;90.59;11
2023-03-28;296;9.35;3.61;12
2023-03-29;296;9.34;14.63;13
2023-03-30;296;9.27;7.47;11
2023-03-31;296;9.04;3.73;10
2023-04-01;296;8.8;0.28;12
2023-04-02;297;8.83;9.47;14
2023-04-03;298;8.72;64.3;10
2023-04-04;299;8.67;7.1;12
2023-04-05;300;8.7;0.79;10
2023-04-06;301;8.77;988.57;13
2023-04-07;300;8.77;3.87;10
2023-04-08;300;8.96;10.58;12
2023-04-09;301;9.08;4.74;10
2023-04-10;299;9.07;505.14;13
2023-04-11;298;9.15;7.94;9
2023-04-12;297;8.95;14.73;13
2023-04-13;297;8.82;2.31;10
2023-04-14;297;8.92;1.55;10
2023-04-15;296;8.71;11.63;13
2023-04-16;296;8.61;12.81;12
2023-04-17;297;8.72;291.52;11
2023-04-18;297;8.49;10.7;10
2023-04-19;296;8.51;11.61;11
2023-04-20;296;8.59;3.94;9
2023-04-21;295;8.42;317.15;9
2023-04-22;296;8.48;10.58;10
2023-04-23;296;8.45;3.29;13
2023-04-24;295;8.44;53.42;10
2023-04-25;297;8.57;0.71;14
2023-04-26;296;8.52;5.99;14
2023-04-27;296;8.51;7.06;9
2023-04-28;297;8.45;2.07;9
2023-04-29;296;8.41;5.02;8
2023-04-30;296;8.39;10.51;11
2023-05-01;298;8.26;67.49;9
2023-05-02;297;8.17;12.29;14
2023-05-03;299;8.24;2.98;8
2023-05-04;299;8.14;8.78;13
2023-05-05;299;8.27;4.64;10
2023-05-06;299;8.17;10.61;12
2023-05-07;299;8.15;9.63;13
2023-05-08;298;8.14;97.18;14
2023-05-09;298;8.23;7.69;10
2023-05-10;296;8.31;2.69;11
2023-05-11;297;8.23;15.03;12
2023-05-12;297;8.24;2.9;13
2023-05-13;298;8.24;7.46;17
2023-05-14;297;8.2;14.58;12
2023-05-15;296;8.2;96.68;13
2023-05-16;297;8.24;3.14;13
2023-05-17;298;8.3;1.15;10
2023-05-18;297;8.39;4.68;12
2023-05-19;298;8.46;5.19;11
2023-05-20;298;8.58;13.71;15
2023-05-21;298;8.48;6.96;13
2023-05-22;299;8.47;82.58;14
2023-05-23;298;8.35;1.34;8
2023-05-24;296;8.13;10.62;13
2023-05-25;297;8.06;13.96;14
2023-05-26;295;8.01;8.29;14
2023-05-27;294;7.83;4.34;13
2023-05-28;295;8.02;8.24;12
2023-05-29;295;7.95;497.33;13
2023-05-30;295;8.09;3.35;13
2023-05-31;296;8.17;12;9
2023-06-01;296;8.07;4.53;10
2023-06-02;297;7.88;12.2;9
2023-06-03;298;8.09;0.06;12
2023-06-04;298;7.96;15.11;11
2023-06-05;298;7.95;86.64;11
2023-06-06;299;7.78;14.04;12
2023-06-07;298;7.62;9.88;13
2023-06-08;299;7.75;3.73;11
2023-06-09;299;7.83;7.48;10
2023-06-10;299;7.82;1.86;11
2023-06-11;299;8;12.59;8
2023-06-12;299;8.06;71.35;9
2023-06-13;299;7.98;74.76;9
2023-06-14;299;8.02;4.4;11
2023-06-15;298;8.07;11.53;9
2023-06-16;298;8.05;2.39;14
2023-06-17;297;8.1;4.65;11
2023-06-18;297;7.88;5.96;13
2023-06-19;298;7.94;9.11;9
2023-06-20;298;8.11;0.1;9
2023-06-21;297;8.1;7.14;11
2023-06-22;298;8.1;5.86;10
2023-06-23;297;8.26;12.91;9
2023-06-24;298;8.23;11.06;13
2023-06-25;298;8.3;3.39;12
2023-06-26;297;8.22;23.78;10
2023-06-27;297;8.3;14.59;10
2023-06-28;298;8.34;5.84;12
2023-06-29;298;8.3;14.97;11
2023-06-30;299;8.12;8.41;12
2023-07-01;298;8.13;5.64;10
2023-07-02;298;8.19;11;10
2023-07-03;299;8.4;93.77;10
2023-07-04;299;8.16;12.85;10
2023-07-05;298;8.37;8;10
2023-07-06;298;8.34;8.48;9
2023-07-07;298;8.46;6.87;10
2023-07-08;298;8.5;1.72;13
2023-07-09;298;8.6;10.65;12
2023-07-10;299;8.49;76;8
2023-07-11;299;8.7;403.62;11
2023-07-12;299;8.7;9.83;9
2023-07-13;300;8.76;10.72;10
2023-07-14;300;8.61;15.58;9
2023-07-15;301;8.45;4.27;14
2023-07-16;300;8.21;7.14;13
2023-07-17;301;8.11;41.36;12
2023-07-18;300;7.89;8.63;12
2023-07-19;300;7.69;0.1;10
2023-07-20;301;7.67;13.1;13
2023-07-21;301;7.83;7.21;10
2023-07-22;300;7.92;7.49;13
2023-07-23;299;8.04;0.01;12
2023-07-24;299;8.01;45.3;10
2023-07-25;300;8.18;5.3;11
2023-07-26;299;8.19;10.72;12
2023-07-27;298;8.14;12.02;9
2023-07-28;299;8.06;2.28;12
2023-07-29;299;7.91;13.89;8
2023-07-30;300;7.96;5.88;13
2023-07-31;300;8.06;90.97;9
2023-08-01;298;7.93;2.46;8
2023-08-02;300;7.8;8.63;9
2023-08-03;301;7.69;10.2;12
2023-08-04;300;7.65;198.63;10
2023-08-05;300;7.68;1.37;21
2023-08-06;300;7.41;9.44;10
2023-08-07;300;7.43;399.18;14
2023-08-08;300;7.31;7.22;11
2023-08-09;300;7.32;6.7;13
2023-08-10;301;7.37;8.4;9
2023-08-11;301;7.44;0.16;13
2023-08-12;302;7.55;5.41;12
2023-08-13;302;7.77;4.44;10
2023-08-14;301;7.63;29.29;9
2023-08-15;302;7.78;6.53;10
2023-08-16;302;7.98;9.66;11
2023-08-17;302;7.98;0.66;9
2023-08-18;302;7.9;5.43;11
2023-08-19;301;7.92;4.78;10
2023-08-20;301;7.94;5.24;10
2023-08-21;302;8.12;66.03;11
2023-08-22;302;8.2;9.08;10
2023-08-23;301;8.2;15.56;12
2023-08-24;301;8.39;5.12;9
2023-08-25;301;8.52;5.27;9
2023-08-26;301;8.35;8.7;8
2023-08-27;300;8.17;4.73;11
2023-08-28;301;7.95;79.79;12
2023-08-29;302;7.77;1.38;8
2023-08-30;302;7.64;14.62;13
2023-08-31;302;7.65;7.92;9
2023-09-01;303;7.39;10.2;11
2023-09-02;303;7.39;0.07;8
2023-09-03;303;7.38;2.37;10
2023-09-04;303;7.57;40.84;12
2023-09-05;302;7.62;13.57;10
2023-09-06;301;7.62;0.45;12
2023-09-07;300;7.56;3.79;8
2023-09-08;301;7.73;4;8
2023-09-09;302;7.77;8.73;10
2023-09-10;302;7.9;11.18;12
2023-09-11;301;7.75;198.3;9
2023-09-12;301;7.88;245.55;9
2023-09-13;302;8.06;12.1;14
2023-09-14;303;8.1;12.84;10
2023-09-15;302;8.15;480.69;11
2023-09-16;302;8.33;12.49;9
2023-09-17;303;8.46;7.46;13
2023-09-18;304;8.58;60.23;11
2023-09-19;304;8.44;14.27;11
2023-09-20;305;8.52;1.2;10
2023-09-21;304;8.5;10.46;12
2023-09-22;305;8.6;16.21;12
2023-09-23;304;8.43;13.47;10
2023-09-24;304;8.42;3.07;12
2023-09-25;303;8.52;103.86;9
2023-09-26;304;8.55;331.86;8
2023-09-27;304;8.42;5.95;10
2023-09-28;304;8.55;2.43;8
2023-09-29;303;8.42;4.21;10
2023-09-30;302;8.55;12.98;8
2023-10-01;302;8.36;5.22;11
2023-10-02;302;8.27;30.72;11
2023-10-03;301;8.52;82.01;12
2023-10-04;300;8.48;1.48;13
2023-10-05;300;8.4;13.92;13
2023-10-06;300;8.61;9.4;9
2023-10-07;300;8.57;3.99;14
2023-10-08;301;8.86;10.83;10
2023-10-09;302;8.8;47.57;12
2023-10-10;303;8.79;13.58;13
2023-10-11;304;9.01;9.08;13
2023-10-12;302;8.99;8.53;12
2023-10-13;304;8.91;181.63;13
2023-10-14;304;9.09;12.15;12
2023-10-15;304;8.88;15.04;14
2023-10-16;303;8.9;64.74;14
2023-10-17;303;8.85;8.7;11
2023-10-18;303;8.79;4.41;14
2023-10-19;305;8.95;9.86;10
2023-10-20;304;8.97;1.35;12
2023-10-21;304;8.8;14.74;10
2023-10-22;304;8.98;5.87;15
2023-10-23;305;9.04;70.16;9
2023-10-24;304;9.08;13.49;12
2023-10-25;304;9.12;10.28;13
2023-10-26;303;8.93;0.17;14
2023-10-27;304;8.75;9.85;11
2023-10-28;304;8.9;14.55;10
2023-10-29;303;8.83;8.38;13
2023-10-30;303;8.97;55.97;11
2023-10-31;304;8.98;1.71;11
2023-11-01;304;9.02;4.88;10
2023-11-02;305;9.11;15.34;13
2023-11-03;305;9.35;11.23;11
2023-11-04;304;9.32;6.77;10
2023-11-05;305;9.2;8.7;11
2023-11-06;305;9.02;62.72;10
2023-11-07;305;9.09;12.74;12
2023-11-08;304;8.92;14.41;10
2023-11-09;304;8.85;11.62;9
2023-11-10;303;8.66;13.93;15
2023-11-11;304;8.59;1.72;11
2023-11-12;303;8.77;7.34;12
2023-11-13;303;8.69;12.32;11
2023-11-14;302;8.51;2;12
2023-11-15;303;8.59;1.84;11
2023-11-16;303;8.51;6.12;13
2023-11-17;303;8.63;12.34;9
2023-11-18;304;8.72;12.1;11
2023-11-19;304;8.75;0.25;13
2023-11-20;303;8.9;80.37;9
2023-11-21;305;8.94;12.98;10
2023-11-22;305;9.08;2.67;11
2023-11-23;305;9.15;5.37;10
2023-11-24;305;9.26;4.77;14
2023-11-25;305;9.14;10.65;13
2023-11-26;305;9.1;1.68;12
2023-11-27;305;9.21;39.67;14
2023-11-28;305;9.3;11.81;14
2023-11-29;305;9.22;8.03;15
2023-11-30;305;9.27;0.64;14
2023-12-01;306;9.09;4.79;15
2023-12-02;306;9.15;15.2;12
2023-12-03;307;9.12;4.51;14
2023-12-04;306;9.11;61.48;10
2023-12-05;305;9.19;0.82;12
2023-12-06;306;9.22;13.6;10
2023-12-07;304;9.37;10.77;14
2023-12-08;304;9.61;356.29;13
2023-12-09;304;9.75;1.45;9
2023-12-10;305;9.84;6.35;11
2023-12-11;305;9.83;97.44;13
2023-12-12;306;9.69;8.48;10
2023-12-13;307;9.57;0.34;12
2023-12-14;308;9.57;7.86;13
2023-12-15;309;9.57;173.27;11
2023-12-16;307;9.59;4.58;10
2023-12-17;308;9.5;3.61;10
2023-12-18;308;9.61;100.54;14
2023-12-19;307;9.63;14.16;11
2023-12-20;306;9.63;8.56;15
2023-12-21;306;9.52;0.11;13
2023-12-22;307;9.42;1.81;9
2023-12-23;307;9.43;13.49;17
2023-12-24;307;9.43;4.82;14
2023-12-25;307;9.21;95.13;13
2023-12-26;308;9.11;11.54;10
2023-12-27;309;9.09;7.89;13
2023-12-28;308;9.09;14.28;9
2023-12-29;306;9.17;12.5;10
2023-12-30;307;9.05;421.41;14
2023-12-31;307;9.19;13.61;10
2024-01-01;307;9.11;79.73;14
2024-01-02;307;9.32;11.38;10
2024-01-03;307;9.38;4.76;13
2024-01-04;307;9.43;14.79;13
2024-01-05;307;9.39;0.15;11
2024-01-06;307;9.43;13.72;10
2024-01-07;307;9.51;332.94;11
2024-01-08;307;9.65;13.82;16
2024-01-09;306;9.67;5.55;11
2024-01-10;306;9.73;6.83;11
2024-01-11;306;9.74;12.58;12
2024-01-12;306;9.76;11.71;11
2024-01-13;304;9.65;10.03;15
2024-01-14;305;9.64;1446.7;12
2024-01-15;305;9.57;64.42;10
2024-01-16;305;9.38;14.29;13
2024-01-17;306;9.27;427.52;16
2024-01-18;305;9.09;3.37;11
2024-01-19;305;9.11;15.19;11
2024-01-20;307;9.21;6.41;13
2024-01-21;306;9.21;9.47;14
2024-01-22;306;9.27;23.98;14
2024-01-23;306;9.42;51.74;13
2024-01-24;305;9.52;4.42;12
2024-01-25;306;9.58;13.69;14
2024-01-26;307;9.58;11.74;11
2024-01-27;307;9.57;11.29;11
2024-01-28;307;9.4;4.12;11
2024-01-29;307;9.38;35.87;10
2024-01-30;307;9.42;2.42;13
2024-01-31;308;9.46;389.84;13
2024-02-01;308;9.48;8.96;14
2024-02-02;308;9.44;14.39;11
2024-02-03;308;9.43;10.17;10
2024-02-04;309;9.58;1.26;17
2024-02-05;308;9.65;6.65;14
2024-02-06;309;9.58;12.93;14
2024-02-07;308;9.51;3.57;10
2024-02-08;309;9.63;14.76;14
2024-02-09;309;9.54;6.62;12
2024-02-10;310;9.68;6.39;10
2024-02-11;311;9.53;6.04;14
2024-02-12;309;9.59;26.09;14
2024-02-13;308;9.47;9.52;12
2024-02-14;308;9.49;3.35;9
2024-02-15;308;9.54;4.84;14
2024-02-16;307;9.6;4.9;14
2024-02-17;306;9.48;2.38;14
2024-02-18;306;9.53;14.42;11
2024-02-19;307;9.43;38.14;11
2024-02-20;307;9.69;7.44;12
2024-02-21;309;9.63;7.98;11
2024-02-22;309;9.41;15.33;14
2024-02-23;310;9.33;6.91;14
2024-02-24;309;9.31;10.07;14
2024-02-25;309;9.37;0.34;14
2024-02-26;308;9.33;64.66;15
2024-02-27;308;9.38;2.23;14
2024-02-28;307;9.62;186.29;12
2024-02-29;306;9.89;9.77;14
2024-03-01;305;10.03;4.61;15
2024-03-02;306;10.23;5.48;13
2024-03-03;306;10.27;13.63;13
2024-03-04;306;10.34;79.02;14
2024-03-05;306;10.29;4.49;11
2024-03-06;307;10.29;8.12;14
2024-03-07;308;10.24;9.12;11
2024-03-08;307;10.1;9.61;11
2024-03-09;307;9.94;12.5;13
2024-03-10;307;9.86;11.66;12
2024-03-11;308;9.85;57.24;16
2024-03-12;309;9.91;3.36;11
2024-03-13;308;9.7;14.05;12
2024-03-14;307;9.65;5.12;14
2024-03-15;308;9.82;12.61;12
2024-03-16;308;10.01;4.25;13
2024-03-17;308;10.11;9;14
2024-03-18;308;10.34;47.09;11
2024-03-19;308;10.24;11.75;12
2024-03-20;308;10.41;8.82;13
2024-03-21;308;10.45;370.67;11
2024-03-22;309;10.36;9.02;15
2024-03-23;309;10.26;6.79;13
2024-03-24;310;10.17;5.87;11
2024-03-25;310;9.98;102.28;11
2024-03-26;310;9.99;15.46;10
2024-03-27;311;10.02;11.51;11
2024-03-28;311;10.04;196.16;12
2024-03-29;310;10.09;8.53;11
2024-03-30;311;10.15;8.9;12
2024-03-31;310;10.07;4.46;13
2024-04-01;310;10.16;66.79;11
2024-04-02;310;10.11;0.49;10
2024-04-03;310;9.98;13.84;10
2024-04-04;310;9.82;3.34;13
2024-04-05;311;9.78;6.59;11
2024-04-06;311;9.56;2.95;11
2024-04-07;311;9.44;14.44;14
2024-04-08;312;9.23;14.43;12
2024-04-09;312;9.19;10.72;10
2024-04-10;313;9.04;15.32;10
2024-04-11;313;9.04;4.59;12
2024-04-12;312;8.9;13.21;12
2024-04-13;312;8.99;5.92;12
2024-04-14;312;9.03;13.04;12
2024-04-15;312;9.06;17.46;13
2024-04-16;311;8.9;12.17;11
2024-04-17;310;9.04;2.04;12
2024-04-18;310;8.97;199.75;11
2024-04-19;309;9.09;6.8;14
2024-04-20;309;8.91;9.28;10
2024-04-21;308;9.07;6.08;13
2024-04-22;307;9.06;181.95;13
2024-04-23;308;9.16;1.02;14
2024-04-24;309;9.13;10.61;15
2024-04-25;309;9.01;10.7;11
2024-04-26;309;8.79;14.89;15
2024-04-27;311;8.8;2.14;13
2024-04-28;311;8.56;176.45;11
2024-04-29;311;8.5;82.56;15
2024-04-30;312;8.61;3.22;11
2024-05-01;312;8.5;6.26;12
2024-05-02;311;8.53;2.87;12
2024-05-03;311;8.54;12.34;13
2024-05-04;309;8.62;10.82;10
2024-05-05;309;8.67;13.51;11
2024-05-06;309;8.67;102.78;9
2024-05-07;309;8.49;7.74;14
2024-05-08;309;8.57;13.95;11
2024-05-09;309;8.73;152.91;11
2024-05-10;309;8.91;12.58;9
2024-05-11;310;8.96;10.75;14
2024-05-12;310;9.13;1.6;12
2024-05-13;310;9.1;68.74;13
2024-05-14;309;9.03;13.35;12
2024-05-15;310;8.98;5.6;9
2024-05-16;311;8.78;5.28;11
2024-05-17;311;8.81;8.13;11
2024-05-18;311;8.64;2.91;9
2024-05-19;311;8.46;848.17;14
2024-05-20;311;8.54;9.17;11
2024-05-21;311;8.55;12.5;10
2024-05-22;311;8.4;5.92;13
2024-05-23;311;8.55;126.45;14
2024-05-24;312;8.52;11.48;11
2024-05-25;313;8.47;0.19;12
2024-05-26;313;8.64;12.5;14
2024-05-27;313;8.62;89.01;12
2024-05-28;313;8.74;12.8;11
2024-05-29;312;8.86;11.57;12
2024-05-30;312;8.9;8.09;13
2024-05-31;311;8.83;350.57;14
2024-06-01;310;8.88;1.93;9
2024-06-02;311;8.65;0.69;8
2024-06-03;311;8.48;24.85;9
2024-06-04;311;8.37;4.53;9
2024-06-05;311;8.42;1.66;11
2024-06-06;311;8.18;2.84;13
2024-06-07;312;8.22;0.45;11
2024-06-08;313;8.14;9.88;11
2024-06-09;312;8.23;10.89;13
2024-06-10;313;8.48;59.75;12
2024-06-11;312;8.43;8.24;10
2024-06-12;314;8.4;6.68;14
2024-06-13;312;8.53;9.06;13
2024-06-14;311;8.45;6.15;14
2024-06-15;311;8.65;6.04;9
2024-06-16;311;8.75;5.6;10
2024-06-17;311;8.67;53.97;10
2024-06-18;311;8.71;2.09;14
2024-06-19;311;8.73;0.03;12
2024-06-20;311;8.7;1.5;13
2024-06-21;313;8.73;1.47;11
2024-06-22;312;8.71;4.79;13
2024-06-23;313;8.62;5.8;12
2024-06-24;313;8.52;53.16;17
2024-06-25;313;8.62;360.06;12
2024-06-26;312;8.57;12.18;12
2024-06-27;313;8.51;0.41;11
2024-06-28;312;8.43;15.11;15
2024-06-29;313;8.27;251.67;10
2024-06-30;313;8.18;9.42;14
2024-07-01;313;8.27;85.84;15
2024-07-02;313;8.37;2.17;11
2024-07-03;313;8.33;15.42;10
2024-07-04;313;8.57;0.2;17
2024-07-05;314;8.64;10.47;10
2024-07-06;314;8.72;15.34;11
2024-07-07;313;8.98;10.11;14
2024-07-08;314;9.03;39.86;13
2024-07-09;315;9.03;6.57;10
2024-07-10;316;9.12;6.98;10
2024-07-11;316;8.98;10.34;9
2024-07-12;316;9.11;120.26;10
2024-07-13;316;9.13;10.58;11
2024-07-14;317;8.99;13.51;14
2024-07-15;317;8.98;14.86;10
2024-07-16;316;9.01;9.16;12
2024-07-17;316;8.96;3.84;10
2024-07-18;316;8.99;0.17;10
2024-07-19;315;8.92;0.71;10
2024-07-20;314;8.88;0.13;16
2024-07-21;314;8.84;4.18;12
2024-07-22;313;8.88;41.21;14
2024-07-23;312;8.63;11.85;11
2024-07-24;312;8.67;10;12
2024-07-25;312;8.55;13.67;10
2024-07-26;312;8.36;5.68;12
2024-07-27;313;8.29;12.96;13
2024-07-28;313;8.34;0.49;12
2024-07-29;314;8.1;69.38;13
2024-07-30;314;8.29;4.06;14
2024-07-31;315;8.16;4.59;11
2024-08-01;316;8.34;4.88;11
2024-08-02;316;8.33;15.66;10
2024-08-03;316;8.24;10.07;14
2024-08-04;316;8.01;6.13;10
2024-08-05;315;8.19;31.46;10
2024-08-06;316;8.05;13.35;13
2024-08-07;315;7.95;15.23;13
2024-08-08;315;7.74;2.22;14
2024-08-09;315;7.75;11.87;14
2024-08-10;315;7.82;2.4;12
2024-08-11;315;8.03;0.07;8
2024-08-12;315;7.89;36.95;11
2024-08-13;315;7.86;12.14;12
2024-08-14;316;7.85;7.98;12
2024-08-15;316;7.96;7.63;8
2024-08-16;316;7.93;10.51;10
2024-08-17;316;7.88;4.19;10
2024-08-18;316;7.8;0.03;13
2024-08-19;316;7.74;330.29;10
2024-08-20;316;7.72;7.83;9
2024-08-21;315;7.79;15.21;13
2024-08-22;315;7.88;11.54;10
2024-08-23;314;8.08;10.08;10
2024-08-24;313;8.34;11.95;11
2024-08-25;314;8.3;9.5;14
2024-08-26;314;8.37;71.24;11
2024-08-27;315;8.37;12.81;13
2024-08-28;315;8.54;10.3;13
2024-08-29;316;8.56;3.52;14
2024-08-30;316;8.63;12.25;14
2024-08-31;317;8.39;1.3;9
2024-09-01;316;8.44;9.29;9
2024-09-02;316;8.5;60.7;10
2024-09-03;315;8.53;11.76;10
2024-09-04;316;8.43;3.54;13
2024-09-05;315;8.25;9.14;10
2024-09-06;316;8.04;7.67;13
2024-09-07;316;8.25;12.35;11
2024-09-08;316;8.23;6.1;9
2024-09-09;316;8.31;65.52;11
2024-09-10;315;8.49;3.94;9
2024-09-11;315;8.63;11.06;12
2024-09-12;316;8.81;3.41;13
2024-09-13;316;8.92;9.78;10
2024-09-14;315;8.78;3.52;10
2024-09-15;315;8.9;13;10
2024-09-16;315;8.76;38.05;14
2024-09-17;316;8.63;14.73;11
2024-09-18;315;8.48;7;12
2024-09-19;316;8.3;11.21;11
2024-09-20;316;8.45;1.64;14
2024-09-21;317;8.62;939.81;10
2024-09-22;316;8.73;0.58;11
2024-09-23;317;8.78;61.75;14
2024-09-24;317;8.94;13.91;14
2024-09-25;317;9.15;9.87;10
2024-09-26;316;9.4;2.12;14
2024-09-27;314;9.37;1.97;11
2024-09-28;315;9.26;11.27;10
2024-09-29;315;9.27;8.42;10
2024-09-30;315;9.26;22.8;12
2024-10-01;315;9.13;11.99;14
2024-10-02;316;8.91;2.69;13
2024-10-03;317;8.81;1.93;13
2024-10-04;318;8.65;1.96;10
2024-10-05;319;8.73;4.5;14
2024-10-06;319;8.78;13.1;17
2024-10-07;319;8.8;205.68;10
2024-10-08;319;8.76;4.81;12
2024-10-09;320;8.89;6.68;10
2024-10-10;318;8.86;0.49;10
2024-10-11;318;8.92;11.31;15
2024-10-12;317;8.93;2.58;13
2024-10-13;317;8.96;1.11;12
2024-10-14;318;9.18;14.67;10
2024-10-15;317;9.2;12.45;15
2024-10-16;316;9.38;8.65;11
2024-10-17;316;9.46;2.09;10
2024-10-18;316;9.62;7.69;12
2024-10-19;315;9.61;2.64;10
2024-10-20;315;9.53;14.6;12
2024-10-21;314;9.38;52.78;10
2024-10-22;315;9.59;2.36;11
2024-10-23;315;9.37;10.38;14
2024-10-24;316;9.44;6.44;12
2024-10-25;316;9.31;4.12;13
2024-10-26;317;9.35;9.18;11
2024-10-27;318;9.37;3.3;15
2024-10-28;318;9.38;85.22;15
2024-10-29;318;9.24;10.01;12
2024-10-30;318;9.19;2.72;12
2024-10-31;319;8.97;9.72;13
2024-11-01;318;8.97;5.01;14
2024-11-02;318;8.98;6.73;11
2024-11-03;318;9.02;5.38;12
2024-11-04;318;9.17;41.54;11
2024-11-05;317;9.12;0.21;12
2024-11-06;317;9.24;446.72;11
2024-11-07;318;9.36;3.57;9
2024-11-08;317;9.49;0.05;12
2024-11-09;317;9.39;14.63;11
2024-11-10;317;9.24;13.19;15
2024-11-11;317;9.21;57.8;11
2024-11-12;317;9.19;7.98;15
2024-11-13;318;9.11;12.9;14
2024-11-14;317;9.03;5.92;13
2024-11-15;318;8.97;3.16;12
2024-11-16;318;9.16;9.52;11
2024-11-17;318;9.33;4.02;10
2024-11-18;318;9.34;93.79;11
2024-11-19;318;9.63;11.73;11
2024-11-20;318;9.81;13.37;13
2024-11-21;318;10.04;9.53;16
2024-11-22;318;10.03;13.23;14
2024-11-23;317;9.93;13.29;13
2024-11-24;318;9.92;5.23;12
2024-11-25;318;9.97;26.51;15
2024-11-26;318;9.86;3.07;11
2024-11-27;317;9.9;10.1;11
2024-11-28;318;9.71;5.02;15
2024-11-29;319;9.63;13.47;13
2024-11-30;318;9.54;10.3;12
2024-12-01;318;9.43;5.3;13
2024-12-02;318;9.37;3.4;14
2024-12-03;319;9.48;14.91;15
2024-12-04;318;9.29;11.09;13
2024-12-05;318;9.43;1.19;12
2024-12-06;318;9.66;6.41;10
2024-12-07;318;9.79;14.45;11
2024-12-08;318;9.81;8.04;10
2024-12-09;317;9.86;34.6;14
2024-12-10;317;9.88;9.87;12
2024-12-11;318;9.94;1.67;13
2024-12-12;318;9.82;11.12;13
2024-12-13;317;9.86;368.66;12
2024-12-14;318;9.86;7.23;15
2024-12-15;318;10.03;14.7;11
2024-12-16;319;9.86;52.15;13
2024-12-17;319;9.78;8.09;13
2024-12-18;319;9.75;1.51;15
2024-12-19;319;10.01;5.1;13
2024-12-20;320;9.91;5.47;12
2024-12-21;320;9.83;364.04;11
2024-12-22;320;9.74;15.14;11
2024-12-23;320;9.72;295.1;14
2024-12-24;321;9.76;0.12;11
2024-12-25;322;9.74;2.42;14
2024-12-26;322;9.6;12.93;15
2024-12-27;322;9.61;7.39;16
2024-12-28;321;9.85;2.25;12
2024-12-29;322;9.72;0.38;14
2024-12-30;321;9.92;0.81;16
2024-12-31;320;9.66;10.03;10